1,83,70.638,0,0,0,0,0,0,1
88,172,9.4909,0,0,0,0,0,0,1
88,170,8.7993,54,161,33.589,0,0,0,1
88,170,8.7993,0,0,0,0,0,0,1
87,170,8.8093,0,0,0,0,0,0,1
87,168,7.9679,53,159,33.541,0,0,0,1
87,168,7.9679,0,0,0,0,0,0,1
87,168,7.9679,0,0,0,0,0,0,1
87,166,7.4286,53,157,33.672,0,0,0,1
87,166,7.4286,0,0,0,0,0,0,1
87,166,7.4286,0,0,0,0,0,0,1
87,163,5.8701,0,0,0,0,0,0,1
86,163,5.8218,0,0,0,0,0,0,1
85,162,6.3628,0,0,0,0,0,0,1
84,159,5.3276,52,152,31.587,0,0,0,1
84,159,5.3276,0,0,0,0,0,0,1
84,159,5.3276,0,0,0,0,0,0,1
83,158,6.7656,52,150,29.729,0,0,0,1
83,158,6.7656,0,0,0,0,0,0,1
82,158,6.6459,0,0,0,0,0,0,1
84,156,7.2881,0,0,0,0,0,0,1
84,154,7.4569,0,0,0,0,0,0,1
86,155,11.91,0,0,0,0,0,0,1
87,154,12.52,0,0,0,0,0,0,1
87,153,13.171,0,0,0,0,0,0,1
87,151,12.055,0,0,0,0,0,0,1
86,148,10.338,0,0,0,0,0,0,1
87,142,6.338,52,134,33.674,0,0,0,1
87,142,6.338,0,0,0,0,0,0,1
86,142,6.1984,0,0,0,0,0,0,1
86,142,8.1007,52,133,32.187,0,0,0,1
86,142,8.1007,0,0,0,0,0,0,1
85,142,7.9345,0,0,0,0,0,0,1
84,139,6.8008,0,0,0,0,0,0,1
84,136,6.4329,51,130,31.275,0,0,0,1
84,136,6.4329,0,0,0,0,0,0,1
83,136,6.2394,0,0,0,0,0,0,1
83,135,7.6876,51,128,30.07,0,0,0,1
83,135,7.6876,0,0,0,0,0,0,1
82,135,7.4989,0,0,0,0,0,0,1
85,133,7.9712,0,0,0,0,0,0,1
86,131,8.0167,0,0,0,0,0,0,1
88,130,9.1156,0,0,0,0,0,0,1
88,128,8.7769,0,0,0,0,0,0,1
88,127,9.5204,0,0,0,0,0,0,1
89,126,10.124,52,116,35.144,0,0,0,1
89,126,10.124,0,0,0,0,0,0,1
88,126,9.9891,0,0,0,0,0,0,1
88,125,10.341,0,0,0,0,0,0,1
88,125,10.341,0,0,0,0,0,0,1
88,122,8.9512,0,0,0,0,0,0,1
88,122,8.9512,0,0,0,0,0,0,1
88,119,7.8251,51,109,34.882,0,0,0,1
88,119,7.8251,0,0,0,0,0,0,1
87,119,7.6038,0,0,0,0,0,0,1
87,116,6.7022,51,108,34.25,0,0,0,1
87,116,6.7022,0,0,0,0,0,0,1
86,116,6.5078,0,0,0,0,0,0,1
85,113,5.6472,51,107,32.482,0,0,0,1
85,113,5.6472,0,0,0,0,0,0,1
84,114,6.4591,0,0,0,0,0,0,1
84,112,6.9729,0,0,0,0,0,0,1
85,109,6.7742,50,102,33.107,0,0,0,1
85,109,6.7742,0,0,0,0,0,0,1
85,109,6.7742,0,0,0,0,0,0,1
86,107,7.1535,0,0,0,0,0,0,1
89,104,10.174,0,0,0,0,0,0,1
89,103,10.665,0,0,0,0,0,0,1
90,101,10.307,51,90,35.911,0,0,0,1
90,101,10.307,0,0,0,0,0,0,1
89,101,10.051,0,0,0,0,0,0,1
88,97,7.503,51,89,35.434,0,0,0,1
88,97,7.503,0,0,0,0,0,0,1
88,97,7.503,0,0,0,0,0,0,1
87,94,6.312,0,0,0,0,0,0,1
87,92,6.5633,50,84,35.074,0,0,0,1
87,92,6.5633,0,0,0,0,0,0,1
87,92,6.5633,0,0,0,0,0,0,1
84,90,6.2259,0,0,0,0,0,0,1
84,90,6.2259,0,0,0,0,0,0,1
85,87,6.0049,50,82,32.536,0,0,0,1
85,87,6.0049,0,0,0,0,0,0,1
84,87,5.6679,0,0,0,0,0,0,1
84,86,7.4292,0,0,0,0,0,0,1
85,84,7.7525,0,0,0,0,0,0,1
85,82,8.1228,0,0,0,0,0,0,1
87,81,9.0454,0,0,0,0,0,0,1
88,80,9.8352,0,0,0,0,0,0,1
89,79,10.535,0,0,0,0,0,0,1
89,77,10.337,0,0,0,0,0,0,1
89,75,9.7725,0,0,0,0,0,0,1
88,70,6.6884,50,63,35.44,0,0,0,1
88,70,6.6884,0,0,0,0,0,0,1
87,71,7.3447,0,0,0,0,0,0,1
87,67,5.4516,0,0,0,0,0,0,1
87,67,5.4516,0,0,0,0,0,0,1
86,65,5.5358,0,0,0,0,0,0,1
85,66,6.1885,0,0,0,0,0,0,1
85,64,6.7693,0,0,0,0,0,0,1
84,61,6.1558,49,55,32.441,0,0,0,1
84,61,6.1558,0,0,0,0,0,0,1
84,61,6.1558,0,0,0,0,0,0,1
85,60,7.2249,0,0,0,0,0,0,1
86,58,7.652,0,0,0,0,0,0,1
87,57,8.8965,0,0,0,0,0,0,1
88,55,8.8682,0,0,0,0,0,0,1
89,54,9.7064,0,0,0,0,0,0,1
89,53,10.441,0,0,0,0,0,0,1
88,50,8.7087,0,0,0,0,0,0,1
88,48,8.2089,0,0,0,0,0,0,1
87,48,7.9463,0,0,0,0,0,0,1
87,45,6.6904,0,0,0,0,0,0,1
87,45,6.6904,0,0,0,0,0,0,1
86,41,4.8635,49,35,35.165,0,0,0,1
86,41,4.8635,0,0,0,0,0,0,1
86,41,4.8635,0,0,0,0,0,0,1
84,40,5.7751,49,34,32.716,0,0,0,1
84,40,5.7751,0,0,0,0,0,0,1
84,40,5.7751,0,0,0,0,0,0,1
83,38,6.199,49,31,31.784,0,0,0,1
83,38,6.199,0,0,0,0,0,0,1
83,38,6.199,0,0,0,0,0,0,1
83,37,8.1196,0,0,0,0,0,0,1
85,35,8.6078,0,0,0,0,0,0,1
85,32,7.7669,0,0,0,0,0,0,1
87,32,9.7659,0,0,0,0,0,0,1
89,31,11.553,0,0,0,0,0,0,1
88,29,10.958,50,17,34.905,0,0,0,1
88,29,10.958,0,0,0,0,0,0,1
88,30,11.92,0,0,0,0,0,0,1
87,28,11.106,0,0,0,0,0,0,1
86,28,10.801,0,0,0,0,0,0,1
86,26,10.592,0,0,0,0,0,0,1
85,23,9.6683,0,0,0,0,0,0,1
84,23,9.2976,0,0,0,0,0,0,1
84,19,7.7206,49,10,31.874,0,0,0,1
84,19,7.7206,0,0,0,0,0,0,1
84,19,7.7206,0,0,0,0,0,0,1
82,17,8.1475,49,8,29.993,0,0,0,1
82,17,8.1475,0,0,0,0,0,0,1
82,17,8.1475,0,0,0,0,0,0,1
1,83,70.059,0,0,0,0,0,0,1
83,173,14.498,0,0,0,0,0,0,1
84,168,11.476,0,0,0,0,0,0,1
83,164,9.2522,0,0,0,0,0,0,1
82,161,8.297,0,0,0,0,0,0,1
82,161,8.297,0,0,0,0,0,0,1
81,156,6.0706,0,0,0,0,0,0,1
80,156,5.8237,0,0,0,0,0,0,1
80,154,6.1188,0,0,0,0,0,0,1
82,152,6.7255,50,146,29.972,0,0,0,1
82,152,6.7255,0,0,0,0,0,0,1
82,152,6.7255,0,0,0,0,0,0,1
82,151,8.3701,0,0,0,0,0,0,1
83,149,8.5825,0,0,0,0,0,0,1
1,83,70.059,0,0,0,0,0,0,1
83,173,14.498,0,0,0,0,0,0,1
84,168,11.476,0,0,0,0,0,0,1
83,164,9.2522,0,0,0,0,0,0,1
82,161,8.297,0,0,0,0,0,0,1
82,161,8.297,0,0,0,0,0,0,1
81,156,6.0706,0,0,0,0,0,0,1
80,156,5.8237,0,0,0,0,0,0,1
80,154,6.1188,0,0,0,0,0,0,1
82,152,6.7255,50,146,29.972,0,0,0,1
82,152,6.7255,0,0,0,0,0,0,1
82,152,6.7255,0,0,0,0,0,0,1
82,151,8.3701,0,0,0,0,0,0,1
83,149,8.5825,0,0,0,0,0,0,1
1,83,71.119,0,0,0,0,0,0,1
1,83,71.119,0,0,0,0,0,0,1
70,40,7.2509,0,0,0,0,0,0,1
71,44,9.5765,0,0,0,0,0,0,1
75,46,12.367,0,0,0,0,0,0,1
83,75,18.058,68,86,0.54457,0,0,0,1
83,75,18.058,67,86,1.4877,0,0,0,1
83,75,18.058,66,86,2.4759,0,0,0,1
83,75,18.058,65,86,3.4709,0,0,0,1
83,75,18.058,64,86,4.4681,0,0,0,1
83,75,18.058,63,86,5.4663,0,0,0,1
83,75,18.058,62,86,6.4651,0,0,0,1
83,75,18.058,61,86,7.4642,0,0,0,1
83,75,18.058,60,86,8.4635,0,0,0,1
83,75,18.058,59,86,9.463,0,0,0,1
83,75,18.058,58,85,10.482,0,0,0,1
83,75,18.058,57,85,11.48,0,0,0,1
83,75,18.058,56,85,12.478,0,0,0,1
83,75,18.058,55,85,13.477,0,0,0,1
83,75,18.058,54,85,14.476,0,0,0,1
83,75,18.058,53,85,15.475,0,0,0,1
83,75,18.058,52,85,16.474,0,0,0,1
83,75,18.058,51,85,17.473,0,0,0,1
83,75,18.058,50,85,18.472,0,0,0,1
83,75,18.058,49,85,19.471,0,0,0,1
83,75,18.058,48,85,20.471,0,0,0,1
83,75,18.058,47,85,21.47,0,0,0,1
83,75,18.058,46,85,22.469,0,0,0,1
83,75,18.058,45,85,23.469,0,0,0,1
83,75,18.058,44,85,24.469,0,0,0,1
83,75,18.058,43,85,25.468,0,0,0,1
83,75,18.058,42,85,26.468,0,0,0,1
83,75,18.058,41,85,27.467,0,0,0,1
83,75,18.058,40,85,28.467,0,0,0,1
83,75,18.058,39,85,29.467,0,0,0,1
83,75,18.058,38,84,30.506,0,0,0,1
83,75,18.058,37,84,31.505,0,0,0,1
83,75,18.058,36,84,32.503,0,0,0,1
83,75,18.058,35,84,33.502,0,0,0,1
83,75,18.058,34,84,34.501,0,0,0,1
83,75,18.058,33,84,35.499,0,0,0,1
83,75,18.058,32,84,36.498,0,0,0,1
83,75,18.058,31,84,37.497,0,0,0,1
83,75,18.058,30,84,38.496,0,0,0,1
83,75,18.058,29,84,39.495,0,0,0,1
83,75,18.058,0,0,0,0,0,0,1
77,106,11.607,0,0,0,0,0,0,1
80,107,14.923,0,0,0,0,0,0,1
83,108,16.127,0,0,0,0,0,0,1
86,132,16.852,0,0,0,0,0,0,1
93,130,26.317,0,0,0,0,0,0,1
93,133,24.768,0,0,0,0,0,0,1
97,135,26.97,0,0,0,0,0,0,1
99,136,28.371,0,0,0,0,0,0,1
100,139,28.438,0,0,0,0,0,0,1
102,140,29.116,0,0,0,0,0,0,1
98,143,25.947,0,0,0,0,0,0,1
93,148,19.413,0,0,0,0,0,0,1
92,154,17.531,0,0,0,0,0,0,1
95,159,20.92,0,0,0,0,0,0,1
96,162,22.512,0,0,0,0,0,0,1
98,163,25.27,0,0,0,0,0,0,1
1,84,69.379,0,0,0,0,0,0,1
112,40,35.444,79,27,0.38009,0,0,0,1
112,40,35.444,78,27,0.95709,0,0,0,1
112,40,35.444,77,27,1.9203,0,0,0,1
112,40,35.444,76,27,2.9085,0,0,0,1
112,40,35.444,75,27,3.9026,0,0,0,1
112,40,35.444,74,27,4.8992,0,0,0,1
112,40,35.444,73,27,5.8969,0,0,0,1
112,40,35.444,72,27,6.8953,0,0,0,1
112,40,35.444,0,0,0,0,0,0,1
112,41,34.736,79,29,0.4147,0,0,0,1
112,41,34.736,78,29,1.33,0,0,0,1
112,41,34.736,77,29,2.3164,0,0,0,1
112,41,34.736,76,29,3.311,0,0,0,1
112,41,34.736,75,29,4.3081,0,0,0,1
112,41,34.736,74,29,5.3063,0,0,0,1
112,41,34.736,73,29,6.305,0,0,0,1
112,41,34.736,72,29,7.3041,0,0,0,1
112,41,34.736,71,29,8.3034,0,0,0,1
112,41,34.736,70,29,9.3029,0,0,0,1
112,41,34.736,69,29,10.302,0,0,0,1
112,41,34.736,0,0,0,0,0,0,1
113,44,34.833,79,32,1.4685,0,0,0,1
113,44,34.833,78,32,2.4518,0,0,0,1
113,44,34.833,77,32,3.4448,0,0,0,1
113,44,34.833,76,32,4.4409,0,0,0,1
113,44,34.833,75,32,5.4384,0,0,0,1
113,44,34.833,74,32,6.4367,0,0,0,1
113,44,34.833,73,32,7.4355,0,0,0,1
113,44,34.833,72,32,8.4345,0,0,0,1
113,44,34.833,71,32,9.4338,0,0,0,1
113,44,34.833,70,32,10.433,0,0,0,1
113,44,34.833,69,32,11.433,0,0,0,1
113,44,34.833,0,0,0,0,0,0,1
112,45,34.336,79,34,0.73317,0,0,0,1
112,45,34.336,78,34,1.6623,0,0,0,1
112,45,34.336,77,34,2.6437,0,0,0,1
112,45,34.336,76,34,3.6353,0,0,0,1
112,45,34.336,75,34,4.6304,0,0,0,1
112,45,34.336,74,34,5.6273,0,0,0,1
112,45,34.336,73,34,6.6252,0,0,0,1
112,45,34.336,72,34,7.6236,0,0,0,1
112,45,34.336,71,34,8.6223,0,0,0,1
112,45,34.336,0,0,0,0,0,0,1
106,48,30.213,0,0,0,0,0,0,1
103,54,28.027,0,0,0,0,0,0,1
112,59,35.867,0,0,0,0,0,0,1
113,61,36.058,0,0,0,0,0,0,1
113,63,34.89,79,54,0.38141,0,0,0,1
113,63,34.89,78,54,1.3496,0,0,0,1
113,63,34.89,77,54,2.3447,0,0,0,1
113,63,34.89,76,54,3.3427,0,0,0,1
113,63,34.89,75,54,4.3416,0,0,0,1
113,63,34.89,74,54,5.3409,0,0,0,1
113,63,34.89,73,54,6.3405,0,0,0,1
113,63,34.89,72,54,7.3401,0,0,0,1
113,63,34.89,71,54,8.3399,0,0,0,1
113,63,34.89,0,0,0,0,0,0,1
113,66,35.797,79,54,0.38141,0,0,0,1
113,66,35.797,78,54,1.3496,0,0,0,1
113,66,35.797,77,54,2.3447,0,0,0,1
113,66,35.797,76,54,3.3427,0,0,0,1
113,66,35.797,75,54,4.3416,0,0,0,1
113,66,35.797,74,54,5.3409,0,0,0,1
113,66,35.797,73,54,6.3405,0,0,0,1
113,66,35.797,72,54,7.3401,0,0,0,1
113,66,35.797,71,54,8.3399,0,0,0,1
113,66,35.797,0,0,0,0,0,0,1
112,68,34.664,79,56,0.67561,0,0,0,1
112,68,34.664,78,56,1.6281,0,0,0,1
112,68,34.664,77,56,2.6163,0,0,0,1
112,68,34.664,76,56,3.611,0,0,0,1
112,68,34.664,75,56,4.608,0,0,0,1
112,68,34.664,74,56,5.6061,0,0,0,1
112,68,34.664,73,56,6.6048,0,0,0,1
112,68,34.664,72,56,7.6038,0,0,0,1
112,68,34.664,71,55,8.6244,0,0,0,1
112,68,34.664,0,0,0,0,0,0,1
112,71,35.84,79,56,0.67561,0,0,0,1
112,71,35.84,78,56,1.6281,0,0,0,1
112,71,35.84,77,56,2.6163,0,0,0,1
112,71,35.84,76,56,3.611,0,0,0,1
112,71,35.84,75,56,4.608,0,0,0,1
112,71,35.84,74,56,5.6061,0,0,0,1
112,71,35.84,73,56,6.6048,0,0,0,1
112,71,35.84,72,56,7.6038,0,0,0,1
112,71,35.84,71,55,8.6244,0,0,0,1
112,71,35.84,0,0,0,0,0,0,1
112,72,35.147,80,58,0.45448,0,0,0,1
112,72,35.147,79,58,1.0633,0,0,0,1
112,72,35.147,78,58,2.0136,0,0,0,1
112,72,35.147,77,58,2.9964,0,0,0,1
112,72,35.147,76,58,3.9878,0,0,0,1
112,72,35.147,75,58,4.9826,0,0,0,1
112,72,35.147,74,58,5.9792,0,0,0,1
112,72,35.147,73,58,6.9767,0,0,0,1
112,72,35.147,72,58,7.9749,0,0,0,1
112,72,35.147,71,58,8.9735,0,0,0,1
112,72,35.147,70,58,9.9723,0,0,0,1
112,72,35.147,0,0,0,0,0,0,1
113,74,35.484,81,59,0.61815,0,0,0,1
113,74,35.484,80,59,0.78828,0,0,0,1
113,74,35.484,79,59,1.6913,0,0,0,1
113,74,35.484,78,59,2.6646,0,0,0,1
113,74,35.484,77,59,3.6523,0,0,0,1
113,74,35.484,76,59,4.6453,0,0,0,1
113,74,35.484,75,59,5.6407,0,0,0,1
113,74,35.484,74,59,6.6375,0,0,0,1
113,74,35.484,73,59,7.6352,0,0,0,1
113,74,35.484,72,59,8.6334,0,0,0,1
113,74,35.484,0,0,0,0,0,0,1
111,76,33.408,81,62,0.40667,0,0,0,1
111,76,33.408,80,62,0.92211,0,0,0,1
111,76,33.408,79,62,1.8802,0,0,0,1
111,76,33.408,78,62,2.8671,0,0,0,1
111,76,33.408,77,62,3.8607,0,0,0,1
111,76,33.408,76,62,4.8569,0,0,0,1
111,76,33.408,75,62,5.8545,0,0,0,1
111,76,33.408,74,62,6.8527,0,0,0,1
111,76,33.408,73,62,7.8514,0,0,0,1
111,76,33.408,0,0,0,0,0,0,1
105,78,28.553,0,0,0,0,0,0,1
114,89,36.279,39,78,39.909,0,0,0,1
114,89,36.279,0,0,0,0,0,0,1
111,92,34.313,0,0,0,0,0,0,1
114,95,36.524,0,0,0,0,0,0,1
113,97,35.798,0,0,0,0,0,0,1
113,100,36.966,0,0,0,0,0,0,1
112,101,35.35,0,0,0,0,0,0,1
111,102,33.907,0,0,0,0,0,0,1
113,105,35.709,0,0,0,0,0,0,1
108,108,31.266,0,0,0,0,0,0,1
104,108,27.482,0,0,0,0,0,0,1
98,113,24.127,0,0,0,0,0,0,1
99,116,25.012,0,0,0,0,0,0,1
103,119,26.811,78,110,0.29803,0,0,0,1
103,119,26.811,77,110,0.87074,0,0,0,1
103,119,26.811,76,110,1.8514,0,0,0,1
103,119,26.811,75,110,2.8455,0,0,0,1
103,119,26.811,74,110,3.8427,0,0,0,1
103,119,26.811,73,110,4.841,0,0,0,1
103,119,26.811,72,110,5.84,0,0,0,1
103,119,26.811,71,110,6.8392,0,0,0,1
103,119,26.811,70,110,7.8386,0,0,0,1
103,119,26.811,69,109,8.8666,0,0,0,1
103,119,26.811,40,108,37.875,0,0,0,1
103,119,26.811,0,0,0,0,0,0,1
99,119,23.098,78,110,0.29803,0,0,0,1
99,119,23.098,77,110,0.87074,0,0,0,1
99,119,23.098,76,110,1.8514,0,0,0,1
99,119,23.098,75,110,2.8455,0,0,0,1
99,119,23.098,74,110,3.8427,0,0,0,1
99,119,23.098,73,110,4.841,0,0,0,1
99,119,23.098,72,110,5.84,0,0,0,1
99,119,23.098,71,110,6.8392,0,0,0,1
99,119,23.098,70,110,7.8386,0,0,0,1
99,119,23.098,69,109,8.8666,0,0,0,1
99,119,23.098,0,0,0,0,0,0,1
105,124,28.282,79,112,0.66104,0,0,0,1
105,124,28.282,78,112,1.5983,0,0,0,1
105,124,28.282,77,112,2.5831,0,0,0,1
105,124,28.282,76,112,3.5763,0,0,0,1
105,124,28.282,75,112,4.5725,0,0,0,1
105,124,28.282,74,112,5.57,0,0,0,1
105,124,28.282,73,112,6.5683,0,0,0,1
105,124,28.282,72,112,7.5671,0,0,0,1
105,124,28.282,71,112,8.5661,0,0,0,1
105,124,28.282,70,112,9.5654,0,0,0,1
105,124,28.282,69,111,10.579,0,0,0,1
105,124,28.282,68,111,11.577,0,0,0,1
105,124,28.282,0,0,0,0,0,0,1
111,128,34.202,78,114,2.0712,0,0,0,1
111,128,34.202,77,114,3.0528,0,0,0,1
111,128,34.202,76,114,4.0434,0,0,0,1
111,128,34.202,75,114,5.0378,0,0,0,1
111,128,34.202,74,114,6.034,0,0,0,1
111,128,34.202,73,114,7.0312,0,0,0,1
111,128,34.202,72,114,8.0292,0,0,0,1
111,128,34.202,71,114,9.0276,0,0,0,1
111,128,34.202,70,114,10.026,0,0,0,1
111,128,34.202,69,113,11.027,0,0,0,1
111,128,34.202,68,113,12.026,0,0,0,1
111,128,34.202,0,0,0,0,0,0,1
103,127,26.646,78,114,2.0712,0,0,0,1
103,127,26.646,77,114,3.0528,0,0,0,1
103,127,26.646,76,114,4.0434,0,0,0,1
103,127,26.646,75,114,5.0378,0,0,0,1
103,127,26.646,74,114,6.034,0,0,0,1
103,127,26.646,73,114,7.0312,0,0,0,1
103,127,26.646,72,114,8.0292,0,0,0,1
103,127,26.646,71,114,9.0276,0,0,0,1
103,127,26.646,70,114,10.026,0,0,0,1
103,127,26.646,69,113,11.027,0,0,0,1
103,127,26.646,68,113,12.026,0,0,0,1
103,127,26.646,0,0,0,0,0,0,1
111,133,35.282,79,115,1.6494,0,0,0,1
111,133,35.282,78,115,2.6493,0,0,0,1
111,133,35.282,77,115,3.6493,0,0,0,1
111,133,35.282,76,115,4.6493,0,0,0,1
111,133,35.282,75,115,5.6493,0,0,0,1
111,133,35.282,74,115,6.6493,0,0,0,1
111,133,35.282,73,115,7.6493,0,0,0,1
111,133,35.282,72,115,8.6493,0,0,0,1
111,133,35.282,71,115,9.6493,0,0,0,1
111,133,35.282,70,115,10.649,0,0,0,1
111,133,35.282,69,114,11.693,0,0,0,1
111,133,35.282,68,114,12.69,0,0,0,1
111,133,35.282,0,0,0,0,0,0,1
1,83,71.542,0,0,0,0,0,0,1
81,165,6.1864,0,0,0,0,0,0,1
82,163,6.1262,0,0,0,0,0,0,1
83,165,15.224,0,0,0,0,0,0,1
83,165,16.158,0,0,0,0,0,0,1
83,163,15.125,0,0,0,0,0,0,1
84,162,15.425,0,0,0,0,0,0,1
84,158,13.344,0,0,0,0,0,0,1
84,154,11.043,0,0,0,0,0,0,1
82,149,8.0106,0,0,0,0,0,0,1
81,144,4.9529,0,0,0,0,0,0,1
81,142,5.2139,0,0,0,0,0,0,1
82,141,6.3408,0,0,0,0,0,0,1
83,140,7.5346,0,0,0,0,0,0,1
85,142,11.273,0,0,0,0,0,0,1
85,137,12.637,0,0,0,0,0,0,1
85,135,11.949,0,0,0,0,0,0,1
85,134,12.054,0,0,0,0,0,0,1
85,129,8.836,0,0,0,0,0,0,1
86,127,8.5107,0,0,0,0,0,0,1
85,122,5.0102,0,0,0,0,0,0,1
81,121,5.4097,0,0,0,0,0,0,1
82,119,5.8398,0,0,0,0,0,0,1
81,117,6.3514,0,0,0,0,0,0,1
83,116,7.3566,0,0,0,0,0,0,1
83,118,11.168,0,0,0,0,0,0,1
85,119,13.968,0,0,0,0,0,0,1
85,116,15.957,0,0,0,0,0,0,1
84,114,15.441,0,0,0,0,0,0,1
85,111,13.959,0,0,0,0,0,0,1
86,105,9.9707,52,93,32.348,0,0,0,1
86,105,9.9707,0,0,0,0,0,0,1
85,106,10.845,0,0,0,0,0,0,1
85,100,6.8951,0,0,0,0,0,0,1
83,96,4.372,0,0,0,0,0,0,1
82,94,4.3337,0,0,0,0,0,0,1
81,93,5.8995,0,0,0,0,0,0,1
82,92,7.2686,0,0,0,0,0,0,1
85,95,12.44,0,0,0,0,0,0,1
85,94,13.323,0,0,0,0,0,0,1
86,91,12.026,0,0,0,0,0,0,1
85,87,9.4841,0,0,0,0,0,0,1
85,86,9.6495,0,0,0,0,0,0,1
85,84,9.21,0,0,0,0,0,0,1
86,85,11.856,0,0,0,0,0,0,1
85,85,13.198,0,0,0,0,0,0,1
86,81,11.247,0,0,0,0,0,0,1
85,74,5.9892,0,0,0,0,0,0,1
85,70,4.0587,0,0,0,0,0,0,1
82,68,3.571,0,0,0,0,0,0,1
81,67,4.4582,0,0,0,0,0,0,1
82,65,5.3334,50,60,30.002,0,0,0,1
82,65,5.3334,0,0,0,0,0,0,1
81,65,5.0448,0,0,0,0,0,0,1
83,65,6.9362,0,0,0,0,0,0,1
83,66,10.441,0,0,0,0,0,0,1
86,66,11.861,0,0,0,0,0,0,1
85,58,8.1059,0,0,0,0,0,0,1
86,57,8.3319,0,0,0,0,0,0,1
86,59,11.855,0,0,0,0,0,0,1
86,56,10.581,0,0,0,0,0,0,1
87,52,8.6781,0,0,0,0,0,0,1
85,48,6.3928,0,0,0,0,0,0,1
82,45,4.306,0,0,0,0,0,0,1
82,43,4.996,50,37,30.28,0,0,0,1
82,43,4.996,0,0,0,0,0,0,1
82,43,4.996,0,0,0,0,0,0,1
81,43,7.5622,0,0,0,0,0,0,1
84,45,12.324,0,0,0,0,0,0,1
85,46,15.102,0,0,0,0,0,0,1
86,43,13.744,0,0,0,0,0,0,1
85,39,11.122,0,0,0,0,0,0,1
85,36,13.555,0,0,0,0,0,0,1
86,35,14.309,0,0,0,0,0,0,1
86,33,13.897,0,0,0,0,0,0,1
86,29,12.048,0,0,0,0,0,0,1
83,24,7.9275,0,0,0,0,0,0,1
82,20,5.3693,0,0,0,0,0,0,1
81,18,5.3296,0,0,0,0,0,0,1
1,85,69.697,0,0,0,0,0,0,1
79,14,13.725,0,0,0,0,0,0,1
79,19,12.596,0,0,0,0,0,0,1
83,19,15.032,0,0,0,0,0,0,1
86,19,17.548,0,0,0,0,0,0,1
91,19,22.723,0,0,0,0,0,0,1
95,19,26.279,0,0,0,0,0,0,1
102,18,32.702,0,0,0,0,0,0,1
102,21,31.537,0,0,0,0,0,0,1
102,20,32.57,0,0,0,0,0,0,1
102,23,31.404,0,0,0,0,0,0,1
104,25,32.202,0,0,0,0,0,0,1
102,28,29.407,0,0,0,0,0,0,1
99,32,25.807,0,0,0,0,0,0,1
102,33,29.854,0,0,0,0,0,0,1
106,32,38.132,0,0,0,0,0,0,1
94,38,29.206,68,51,0.44942,0,0,0,1
94,38,29.206,67,51,0.76026,0,0,0,1
94,38,29.206,66,51,1.7187,0,0,0,1
94,38,29.206,65,51,2.7074,0,0,0,1
94,38,29.206,64,51,3.7022,0,0,0,1
94,38,29.206,63,51,4.6992,0,0,0,1
94,38,29.206,62,51,5.6972,0,0,0,1
94,38,29.206,61,51,6.6958,0,0,0,1
94,38,29.206,60,51,7.6948,0,0,0,1
94,38,29.206,59,51,8.694,0,0,0,1
94,38,29.206,58,51,9.6934,0,0,0,1
94,38,29.206,57,51,10.693,0,0,0,1
94,38,29.206,56,51,11.692,0,0,0,1
94,38,29.206,55,51,12.692,0,0,0,1
94,38,29.206,54,51,13.692,0,0,0,1
94,38,29.206,53,51,14.692,0,0,0,1
94,38,29.206,52,51,15.691,0,0,0,1
94,38,29.206,51,51,16.691,0,0,0,1
94,38,29.206,50,51,17.691,0,0,0,1
94,38,29.206,49,50,18.7,0,0,0,1
94,38,29.206,48,50,19.7,0,0,0,1
94,38,29.206,47,50,20.699,0,0,0,1
94,38,29.206,46,50,21.699,0,0,0,1
94,38,29.206,45,50,22.698,0,0,0,1
94,38,29.206,44,50,23.698,0,0,0,1
94,38,29.206,43,50,24.697,0,0,0,1
94,38,29.206,42,50,25.697,0,0,0,1
94,38,29.206,41,50,26.697,0,0,0,1
94,38,29.206,40,50,27.696,0,0,0,1
94,38,29.206,39,50,28.696,0,0,0,1
94,38,29.206,38,50,29.696,0,0,0,1
94,38,29.206,37,50,30.695,0,0,0,1
94,38,29.206,36,50,31.695,0,0,0,1
94,38,29.206,35,50,32.695,0,0,0,1
94,38,29.206,34,50,33.695,0,0,0,1
94,38,29.206,33,50,34.695,0,0,0,1
94,38,29.206,32,50,35.694,0,0,0,1
94,38,29.206,31,50,36.694,0,0,0,1
94,38,29.206,0,0,0,0,0,0,1
88,48,20.126,0,0,0,0,0,0,1
98,47,28.437,0,0,0,0,0,0,1
98,50,27.454,31,60,41.964,0,0,0,1
98,50,27.454,0,0,0,0,0,0,1
98,52,26.699,0,0,0,0,0,0,1
104,52,31.868,32,63,42.05,0,0,0,1
104,52,31.868,0,0,0,0,0,0,1
104,55,30.972,0,0,0,0,0,0,1
104,54,31.785,32,65,42.16,0,0,0,1
104,54,31.785,0,0,0,0,0,0,1
100,58,26.758,0,0,0,0,0,0,1
99,60,24.59,0,0,0,0,0,0,1
98,66,24.048,0,0,0,0,0,0,1
93,73,24.527,70,81,0.36965,0,0,0,1
93,73,24.527,69,81,1.0114,0,0,0,1
93,73,24.527,68,81,1.9772,0,0,0,1
93,73,24.527,67,81,2.9658,0,0,0,1
93,73,24.527,66,81,3.9601,0,0,0,1
93,73,24.527,65,81,4.9567,0,0,0,1
93,73,24.527,64,81,5.9544,0,0,0,1
93,73,24.527,63,81,6.9528,0,0,0,1
93,73,24.527,62,81,7.9516,0,0,0,1
93,73,24.527,61,81,8.9506,0,0,0,1
93,73,24.527,60,81,9.9499,0,0,0,1
93,73,24.527,59,81,10.949,0,0,0,1
93,73,24.527,58,80,12.021,0,0,0,1
93,73,24.527,57,80,13.015,0,0,0,1
93,73,24.527,56,80,14.01,0,0,0,1
93,73,24.527,55,80,15.005,0,0,0,1
93,73,24.527,54,80,16.002,0,0,0,1
93,73,24.527,53,80,16.998,0,0,0,1
93,73,24.527,52,80,17.995,0,0,0,1
93,73,24.527,51,80,18.992,0,0,0,1
93,73,24.527,50,80,19.99,0,0,0,1
93,73,24.527,49,80,20.988,0,0,0,1
93,73,24.527,48,80,21.986,0,0,0,1
93,73,24.527,47,80,22.984,0,0,0,1
93,73,24.527,46,80,23.982,0,0,0,1
93,73,24.527,45,80,24.981,0,0,0,1
93,73,24.527,44,80,25.979,0,0,0,1
93,73,24.527,43,80,26.978,0,0,0,1
93,73,24.527,42,80,27.977,0,0,0,1
93,73,24.527,41,80,28.975,0,0,0,1
93,73,24.527,40,80,29.974,0,0,0,1
93,73,24.527,39,80,30.973,0,0,0,1
93,73,24.527,38,80,31.972,0,0,0,1
93,73,24.527,37,80,32.971,0,0,0,1
93,73,24.527,36,80,33.971,0,0,0,1
93,73,24.527,35,80,34.97,0,0,0,1
93,73,24.527,34,79,36.021,0,0,0,1
93,73,24.527,33,79,37.019,0,0,0,1
93,73,24.527,32,79,38.017,0,0,0,1
93,73,24.527,0,0,0,0,0,0,1
94,77,23.27,31,84,41.975,0,0,0,1
94,77,23.27,0,0,0,0,0,0,1
98,77,26.953,0,0,0,0,0,0,1
99,80,26.766,0,0,0,0,0,0,1
100,82,27.055,0,0,0,0,0,0,1
102,84,28.38,0,0,0,0,0,0,1
104,85,30.354,0,0,0,0,0,0,1
97,89,22.656,0,0,0,0,0,0,1
100,88,25.508,33,94,42.347,0,0,0,1
100,88,25.508,0,0,0,0,0,0,1
96,91,20.957,0,0,0,0,0,0,1
96,93,20.271,0,0,0,0,0,0,1
96,96,19.942,0,0,0,0,0,0,1
97,98,20.459,0,0,0,0,0,0,1
102,102,26.989,0,0,0,0,0,0,1
102,104,28.757,0,0,0,0,0,0,1
108,103,36.091,0,0,0,0,0,0,1
107,106,36.564,0,0,0,0,0,0,1
95,112,24.462,0,0,0,0,0,0,1
102,115,29.123,0,0,0,0,0,0,1
105,116,30.993,34,121,40.516,0,0,0,1
105,116,30.993,0,0,0,0,0,0,1
105,119,30.597,0,0,0,0,0,0,1
101,119,26.113,35,123,40.238,0,0,0,1
101,119,26.113,34,123,41.238,0,0,0,1
101,119,26.113,0,0,0,0,0,0,1
101,121,25.862,35,123,40.238,0,0,0,1
101,121,25.862,0,0,0,0,0,0,1
101,123,25.765,0,0,0,0,0,0,1
100,125,24.003,0,0,0,0,0,0,1
100,127,23.514,36,128,40.508,0,0,0,1
100,127,23.514,0,0,0,0,0,0,1
100,129,23.623,0,0,0,0,0,0,1
100,129,23.435,0,0,0,0,0,0,1
102,135,26.016,0,0,0,0,0,0,1
104,135,28.614,0,0,0,0,0,0,1
104,136,29.932,0,0,0,0,0,0,1
111,138,37.656,0,0,0,0,0,0,1
112,141,37.169,0,0,0,0,0,0,1
112,144,36.324,0,0,0,0,0,0,1
105,147,28.673,35,147,41.474,0,0,0,1
105,147,28.673,0,0,0,0,0,0,1
109,149,32.587,0,0,0,0,0,0,1
100,149,24.014,35,149,41.137,0,0,0,1
100,149,24.014,0,0,0,0,0,0,1
100,151,23.919,0,0,0,0,0,0,1
107,154,31.051,0,0,0,0,0,0,1
100,152,22.862,0,0,0,0,0,0,1
100,154,22.929,0,0,0,0,0,0,1
98,155,20.533,0,0,0,0,0,0,1
103,158,25.866,0,0,0,0,0,0,1
98,157,20.795,37,155,40.284,0,0,0,1
98,157,20.795,0,0,0,0,0,0,1
100,159,23.033,0,0,0,0,0,0,1
104,162,26.524,0,0,0,0,0,0,1
105,163,27.405,0,0,0,0,0,0,1
99,164,22.917,0,0,0,0,0,0,1
97,169,25.033,0,0,0,0,0,0,1
1,86,69.869,0,0,0,0,0,0,1
109,173,34.909,74,170,0.38679,0,0,0,1
109,173,34.909,73,170,1.2395,0,0,0,1
109,173,34.909,72,170,2.2188,0,0,0,1
109,173,34.909,71,170,3.2109,0,0,0,1
109,173,34.909,70,170,4.2067,0,0,0,1
109,173,34.909,69,170,5.2041,0,0,0,1
109,173,34.909,68,170,6.2024,0,0,0,1
109,173,34.909,67,170,7.2011,0,0,0,1
109,173,34.909,66,170,8.2002,0,0,0,1
109,173,34.909,65,170,9.1994,0,0,0,1
109,173,34.909,64,170,10.199,0,0,0,1
109,173,34.909,63,170,11.198,0,0,0,1
109,173,34.909,62,170,12.198,0,0,0,1
109,173,34.909,61,170,13.198,0,0,0,1
109,173,34.909,60,170,14.197,0,0,0,1
109,173,34.909,59,171,15.208,0,0,0,1
109,173,34.909,58,171,16.207,0,0,0,1
109,173,34.909,57,171,17.206,0,0,0,1
109,173,34.909,56,171,18.205,0,0,0,1
109,173,34.909,55,171,19.205,0,0,0,1
109,173,34.909,54,171,20.204,0,0,0,1
109,173,34.909,53,171,21.204,0,0,0,1
109,173,34.909,52,171,22.203,0,0,0,1
109,173,34.909,51,171,23.203,0,0,0,1
109,173,34.909,50,171,24.202,0,0,0,1
109,173,34.909,49,171,25.202,0,0,0,1
109,173,34.909,48,171,26.202,0,0,0,1
109,173,34.909,47,171,27.201,0,0,0,1
109,173,34.909,46,171,28.201,0,0,0,1
109,173,34.909,45,171,29.201,0,0,0,1
109,173,34.909,44,171,30.201,0,0,0,1
109,173,34.909,43,171,31.2,0,0,0,1
109,173,34.909,42,171,32.2,0,0,0,1
109,173,34.909,41,171,33.2,0,0,0,1
109,173,34.909,40,171,34.2,0,0,0,1
109,173,34.909,39,171,35.2,0,0,0,1
109,173,34.909,38,171,36.199,0,0,0,1
109,173,34.909,0,0,0,0,0,0,1
110,177,36.422,0,0,0,0,0,0,1
108,170,32.623,0,0,0,0,0,0,1
101,167,24.263,0,0,0,0,0,0,1
98,163,20.485,0,0,0,0,0,0,1
96,161,18.673,0,0,0,0,0,0,1
96,158,18.098,38,153,40.291,0,0,0,1
96,158,18.098,0,0,0,0,0,0,1
99,160,21.481,0,0,0,0,0,0,1
98,155,20.539,37,150,40.672,0,0,0,1
98,155,20.539,0,0,0,0,0,0,1
99,157,21.819,0,0,0,0,0,0,1
102,159,25.179,0,0,0,0,0,0,1
100,153,23.018,37,149,40.113,0,0,0,1
100,153,23.018,0,0,0,0,0,0,1
100,155,23.259,0,0,0,0,0,0,1
101,151,24.622,0,0,0,0,0,0,1
103,154,26.972,0,0,0,0,0,0,1
103,147,28.293,36,146,38.728,0,0,0,1
103,147,28.293,0,0,0,0,0,0,1
104,150,29.422,0,0,0,0,0,0,1
104,145,30.438,36,144,37.57,0,0,0,1
104,145,30.438,0,0,0,0,0,0,1
111,148,37.581,0,0,0,0,0,0,1
111,141,37.924,0,0,0,0,0,0,1
111,139,36.657,0,0,0,0,0,0,1
111,136,35.977,0,0,0,0,0,0,1
97,131,20.78,0,0,0,0,0,0,1
99,128,23.145,37,125,38.988,0,0,0,1
99,128,23.145,0,0,0,0,0,0,1
99,130,23.44,0,0,0,0,0,0,1
100,124,24.543,0,0,0,0,0,0,1
100,126,24.661,0,0,0,0,0,0,1
100,119,25.367,0,0,0,0,0,0,1
100,122,25.233,0,0,0,0,0,0,1
100,124,25.341,0,0,0,0,0,0,1
102,117,28.082,0,0,0,0,0,0,1
102,120,27.952,0,0,0,0,0,0,1
101,112,28.669,34,116,38.864,0,0,0,1
101,112,28.669,0,0,0,0,0,0,1
101,115,28.26,0,0,0,0,0,0,1
102,117,29.163,0,0,0,0,0,0,1
95,111,24.864,34,115,36.473,0,0,0,1
95,111,24.864,0,0,0,0,0,0,1
95,113,24.615,0,0,0,0,0,0,1
103,107,31.592,0,0,0,0,0,0,1
110,103,37.424,0,0,0,0,0,0,1
108,103,33.827,0,0,0,0,0,0,1
94,99,18.338,0,0,0,0,0,0,1
94,96,19.286,35,96,39.85,0,0,0,1
94,96,19.286,0,0,0,0,0,0,1
94,98,19.194,0,0,0,0,0,0,1
96,94,21.643,0,0,0,0,0,0,1
96,96,21.528,0,0,0,0,0,0,1
106,89,31.722,0,0,0,0,0,0,1
98,92,23.384,0,0,0,0,0,0,1
96,87,23.027,0,0,0,0,0,0,1
97,89,23.611,0,0,0,0,0,0,1
102,90,28.454,0,0,0,0,0,0,1
99,84,27.273,33,89,39.584,0,0,0,1
99,84,27.273,0,0,0,0,0,0,1
99,86,26.855,0,0,0,0,0,0,1
95,82,24.527,33,87,38.231,0,0,0,1
95,82,24.527,0,0,0,0,0,0,1
98,83,27.245,0,0,0,0,0,0,1
95,79,24.577,0,0,0,0,0,0,1
99,75,27.049,0,0,0,0,0,0,1
110,69,37.801,0,0,0,0,0,0,1
108,68,34.509,0,0,0,0,0,0,1
94,70,19.239,0,0,0,0,0,0,1
94,68,19.188,0,0,0,0,0,0,1
97,64,22.238,34,67,41.055,0,0,0,1
97,64,22.238,0,0,0,0,0,0,1
95,66,20.011,0,0,0,0,0,0,1
104,58,31.175,0,0,0,0,0,0,1
99,61,25.628,0,0,0,0,0,0,1
96,64,22.233,0,0,0,0,0,0,1
100,54,28.37,0,0,0,0,0,0,1
100,56,27.751,0,0,0,0,0,0,1
102,59,29.048,73,64,0.46418,0,0,0,1
102,59,29.048,72,64,1.37,0,0,0,1
102,59,29.048,71,64,2.3534,0,0,0,1
102,59,29.048,70,64,3.3467,0,0,0,1
102,59,29.048,69,64,4.343,0,0,0,1
102,59,29.048,68,64,5.3407,0,0,0,1
102,59,29.048,67,64,6.3391,0,0,0,1
102,59,29.048,66,63,7.3617,0,0,0,1
102,59,29.048,65,63,8.358,0,0,0,1
102,59,29.048,64,63,9.3551,0,0,0,1
102,59,29.048,63,63,10.353,0,0,0,1
102,59,29.048,62,63,11.351,0,0,0,1
102,59,29.048,61,63,12.349,0,0,0,1
102,59,29.048,60,63,13.348,0,0,0,1
102,59,29.048,59,63,14.347,0,0,0,1
102,59,29.048,58,63,15.346,0,0,0,1
102,59,29.048,57,63,16.345,0,0,0,1
102,59,29.048,56,63,17.344,0,0,0,1
102,59,29.048,55,63,18.343,0,0,0,1
102,59,29.048,54,63,19.343,0,0,0,1
102,59,29.048,53,62,20.4,0,0,0,1
102,59,29.048,52,62,21.396,0,0,0,1
102,59,29.048,51,62,22.393,0,0,0,1
102,59,29.048,50,62,23.391,0,0,0,1
102,59,29.048,49,62,24.388,0,0,0,1
102,59,29.048,48,62,25.386,0,0,0,1
102,59,29.048,47,62,26.384,0,0,0,1
102,59,29.048,46,62,27.382,0,0,0,1
102,59,29.048,45,62,28.38,0,0,0,1
102,59,29.048,44,62,29.379,0,0,0,1
102,59,29.048,43,62,30.377,0,0,0,1
102,59,29.048,42,62,31.375,0,0,0,1
102,59,29.048,41,62,32.374,0,0,0,1
102,59,29.048,40,61,33.438,0,0,0,1
102,59,29.048,39,61,34.435,0,0,0,1
102,59,29.048,38,61,35.432,0,0,0,1
102,59,29.048,37,61,36.429,0,0,0,1
102,59,29.048,36,61,37.426,0,0,0,1
102,59,29.048,35,61,38.424,0,0,0,1
102,59,29.048,34,61,39.422,0,0,0,1
102,59,29.048,0,0,0,0,0,0,1
96,52,25.88,0,0,0,0,0,0,1
97,55,25.925,0,0,0,0,0,0,1
88,50,19.945,31,57,39.166,0,0,0,1
88,50,19.945,0,0,0,0,0,0,1
90,51,21.369,0,0,0,0,0,0,1
87,48,20.024,31,56,37.891,0,0,0,1
87,48,20.024,0,0,0,0,0,0,1
90,49,22.418,0,0,0,0,0,0,1
88,45,21.15,0,0,0,0,0,0,1
89,42,20.347,0,0,0,0,0,0,1
98,38,27.912,0,0,0,0,0,0,1
106,33,35.625,0,0,0,0,0,0,1
105,32,33.715,0,0,0,0,0,0,1
105,31,33.293,0,0,0,0,0,0,1
106,29,34.149,0,0,0,0,0,0,1
105,24,34.359,0,0,0,0,0,0,1
105,27,33.415,0,0,0,0,0,0,1
101,21,31.425,0,0,0,0,0,0,1
103,23,32.496,0,0,0,0,0,0,1
103,26,31.574,0,0,0,0,0,0,1
96,21,27.095,0,0,0,0,0,0,1
99,22,29.462,0,0,0,0,0,0,1
92,21,22.895,0,0,0,0,0,0,1
95,22,25.286,0,0,0,0,0,0,1
86,18,19.709,30,26,39.103,0,0,0,1
86,18,19.709,0,0,0,0,0,0,1
88,19,21.003,0,0,0,0,0,0,1
87,15,21.22,30,26,38.57,0,0,0,1
87,15,21.22,0,0,0,0,0,0,1
89,16,22.539,0,0,0,0,0,0,1
88,12,21.703,0,0,0,0,0,0,1
90,9,22.335,0,0,0,0,0,0,1
1,84,68.725,0,0,0,0,0,0,1
91,170,13.217,85,158,0.20065,0,0,0,1
91,170,13.217,84,158,1.12,0,0,0,1
91,170,13.217,83,158,2.1139,0,0,0,1
91,170,13.217,82,158,3.1117,0,0,0,1
91,170,13.217,81,158,4.1106,0,0,0,1
91,170,13.217,80,158,5.1099,0,0,0,1
91,170,13.217,79,158,6.1094,0,0,0,1
91,170,13.217,78,158,7.1091,0,0,0,1
91,170,13.217,0,0,0,0,0,0,1
90,168,12.535,85,157,0.47913,0,0,0,1
90,168,12.535,84,157,1.0723,0,0,0,1
90,168,12.535,83,157,2.0175,0,0,0,1
90,168,12.535,82,157,2.9984,0,0,0,1
90,168,12.535,81,157,3.9888,0,0,0,1
90,168,12.535,80,157,4.9831,0,0,0,1
90,168,12.535,79,157,5.9792,0,0,0,1
90,168,12.535,0,0,0,0,0,0,1
89,165,10.714,0,0,0,0,0,0,1
88,165,10.329,0,0,0,0,0,0,1
88,163,9.971,84,154,0.12217,0,0,0,1
88,163,9.971,83,154,0.95615,0,0,0,1
88,163,9.971,82,154,1.9528,0,0,0,1
88,163,9.971,81,154,2.9517,0,0,0,1
88,163,9.971,80,154,3.9512,0,0,0,1
88,163,9.971,79,154,4.9509,0,0,0,1
88,163,9.971,78,154,5.9507,0,0,0,1
88,163,9.971,77,153,7.0062,0,0,0,1
88,163,9.971,0,0,0,0,0,0,1
87,163,9.6084,84,154,0.12217,0,0,0,1
87,163,9.6084,83,154,0.95615,0,0,0,1
87,163,9.6084,82,154,1.9528,0,0,0,1
87,163,9.6084,81,154,2.9517,0,0,0,1
87,163,9.6084,80,154,3.9512,0,0,0,1
87,163,9.6084,79,154,4.9509,0,0,0,1
87,163,9.6084,78,154,5.9507,0,0,0,1
87,163,9.6084,77,153,7.0062,0,0,0,1
87,163,9.6084,0,0,0,0,0,0,1
88,160,9.2129,84,152,0.27014,0,0,0,1
88,160,9.2129,83,152,0.94074,0,0,0,1
88,160,9.2129,82,152,1.9228,0,0,0,1
88,160,9.2129,81,152,2.917,0,0,0,1
88,160,9.2129,80,152,3.9142,0,0,0,1
88,160,9.2129,79,152,4.9125,0,0,0,1
88,160,9.2129,78,152,5.9114,0,0,0,1
88,160,9.2129,77,152,6.9106,0,0,0,1
88,160,9.2129,0,0,0,0,0,0,1
87,160,8.8141,84,152,0.27014,0,0,0,1
87,160,8.8141,83,152,0.94074,0,0,0,1
87,160,8.8141,82,152,1.9228,0,0,0,1
87,160,8.8141,81,152,2.917,0,0,0,1
87,160,8.8141,80,152,3.9142,0,0,0,1
87,160,8.8141,79,152,4.9125,0,0,0,1
87,160,8.8141,78,152,5.9114,0,0,0,1
87,160,8.8141,77,152,6.9106,0,0,0,1
87,160,8.8141,0,0,0,0,0,0,1
87,158,8.8868,83,150,0.47081,0,0,0,1
87,158,8.8868,82,150,1.455,0,0,0,1
87,158,8.8868,81,150,2.452,0,0,0,1
87,158,8.8868,80,150,3.4507,0,0,0,1
87,158,8.8868,79,150,4.45,0,0,0,1
87,158,8.8868,78,150,5.4496,0,0,0,1
87,158,8.8868,77,150,6.4493,0,0,0,1
87,158,8.8868,76,149,7.4964,0,0,0,1
87,158,8.8868,0,0,0,0,0,0,1
86,158,8.5364,83,150,0.47081,0,0,0,1
86,158,8.5364,82,150,1.455,0,0,0,1
86,158,8.5364,81,150,2.452,0,0,0,1
86,158,8.5364,80,150,3.4507,0,0,0,1
86,158,8.5364,79,150,4.45,0,0,0,1
86,158,8.5364,78,150,5.4496,0,0,0,1
86,158,8.5364,77,150,6.4493,0,0,0,1
86,158,8.5364,76,149,7.4964,0,0,0,1
86,158,8.5364,0,0,0,0,0,0,1
86,155,8.5781,82,148,0.51939,0,0,0,1
86,155,8.5781,81,148,0.80557,0,0,0,1
86,155,8.5781,80,148,1.7402,0,0,0,1
86,155,8.5781,79,148,2.7216,0,0,0,1
86,155,8.5781,78,148,3.713,0,0,0,1
86,155,8.5781,77,148,4.708,0,0,0,1
86,155,8.5781,76,148,5.7048,0,0,0,1
86,155,8.5781,75,147,6.715,0,0,0,1
86,155,8.5781,0,0,0,0,0,0,1
85,156,9.0441,82,148,0.51939,0,0,0,1
85,156,9.0441,81,148,0.80557,0,0,0,1
85,156,9.0441,80,148,1.7402,0,0,0,1
85,156,9.0441,79,148,2.7216,0,0,0,1
85,156,9.0441,78,148,3.713,0,0,0,1
85,156,9.0441,77,148,4.708,0,0,0,1
85,156,9.0441,76,148,5.7048,0,0,0,1
85,156,9.0441,75,147,6.715,0,0,0,1
85,156,9.0441,0,0,0,0,0,0,1
86,153,10.11,80,145,0.34998,0,0,0,1
86,153,10.11,79,145,0.68019,0,0,0,1
86,153,10.11,78,145,1.6742,0,0,0,1
86,153,10.11,77,145,2.6726,0,0,0,1
86,153,10.11,76,145,3.6719,0,0,0,1
86,153,10.11,75,145,4.6715,0,0,0,1
86,153,10.11,0,0,0,0,0,0,1
85,154,10.359,80,145,0.34998,0,0,0,1
85,154,10.359,79,145,0.68019,0,0,0,1
85,154,10.359,78,145,1.6742,0,0,0,1
85,154,10.359,77,145,2.6726,0,0,0,1
85,154,10.359,76,145,3.6719,0,0,0,1
85,154,10.359,75,145,4.6715,0,0,0,1
85,154,10.359,0,0,0,0,0,0,1
86,151,9.7948,81,143,0.3811,0,0,0,1
86,151,9.7948,80,143,0.74271,0,0,0,1
86,151,9.7948,79,143,1.7199,0,0,0,1
86,151,9.7948,78,143,2.7137,0,0,0,1
86,151,9.7948,77,143,3.7109,0,0,0,1
86,151,9.7948,76,143,4.7093,0,0,0,1
86,151,9.7948,75,143,5.7082,0,0,0,1
86,151,9.7948,74,143,6.7074,0,0,0,1
86,151,9.7948,73,143,7.7069,0,0,0,1
86,151,9.7948,0,0,0,0,0,0,1
87,149,10.392,81,140,0.52189,0,0,0,1
87,149,10.392,80,140,1.4978,0,0,0,1
87,149,10.392,79,140,2.4929,0,0,0,1
87,149,10.392,78,140,3.4907,0,0,0,1
87,149,10.392,77,140,4.4896,0,0,0,1
87,149,10.392,76,140,5.4888,0,0,0,1
87,149,10.392,75,140,6.4883,0,0,0,1
87,149,10.392,74,140,7.4879,0,0,0,1
87,149,10.392,73,140,8.4877,0,0,0,1
87,149,10.392,72,140,9.4874,0,0,0,1
87,149,10.392,71,140,10.487,0,0,0,1
87,149,10.392,0,0,0,0,0,0,1
88,147,10.784,82,138,0.10638,0,0,0,1
88,147,10.784,81,138,1.1028,0,0,0,1
88,147,10.784,80,138,2.1026,0,0,0,1
88,147,10.784,79,138,3.1026,0,0,0,1
88,147,10.784,78,138,4.1025,0,0,0,1
88,147,10.784,77,138,5.1025,0,0,0,1
88,147,10.784,76,138,6.1025,0,0,0,1
88,147,10.784,75,138,7.1025,0,0,0,1
88,147,10.784,74,138,8.1025,0,0,0,1
88,147,10.784,73,138,9.1025,0,0,0,1
88,147,10.784,0,0,0,0,0,0,1
91,146,12.287,84,136,0.08363,0,0,0,1
91,146,12.287,83,136,0.97678,0,0,0,1
91,146,12.287,82,136,1.9751,0,0,0,1
91,146,12.287,81,136,2.9746,0,0,0,1
91,146,12.287,80,136,3.9743,0,0,0,1
91,146,12.287,79,136,4.9742,0,0,0,1
91,146,12.287,78,136,5.9741,0,0,0,1
91,146,12.287,77,136,6.974,0,0,0,1
91,146,12.287,76,136,7.9739,0,0,0,1
91,146,12.287,75,136,8.9739,0,0,0,1
91,146,12.287,74,136,9.9739,0,0,0,1
91,146,12.287,73,136,10.974,0,0,0,1
91,146,12.287,47,137,36.989,0,0,0,1
91,146,12.287,0,0,0,0,0,0,1
92,146,13.929,85,134,0.048018,0,0,0,1
92,146,13.929,84,134,0.95482,0,0,0,1
92,146,13.929,83,134,1.9548,0,0,0,1
92,146,13.929,82,134,2.9547,0,0,0,1
92,146,13.929,81,134,3.9547,0,0,0,1
92,146,13.929,80,134,4.9547,0,0,0,1
92,146,13.929,79,134,5.9547,0,0,0,1
92,146,13.929,78,134,6.9547,0,0,0,1
92,146,13.929,77,134,7.9547,0,0,0,1
92,146,13.929,76,134,8.9547,0,0,0,1
92,146,13.929,75,134,9.9547,0,0,0,1
92,146,13.929,74,134,10.955,0,0,0,1
92,146,13.929,0,0,0,0,0,0,1
92,144,13.902,85,132,0.31613,0,0,0,1
92,144,13.902,84,132,1.2804,0,0,0,1
92,144,13.902,83,132,2.2758,0,0,0,1
92,144,13.902,82,132,3.2739,0,0,0,1
92,144,13.902,81,132,4.273,0,0,0,1
92,144,13.902,80,132,5.2724,0,0,0,1
92,144,13.902,79,132,6.272,0,0,0,1
92,144,13.902,78,132,7.2717,0,0,0,1
92,144,13.902,77,132,8.2714,0,0,0,1
92,144,13.902,76,132,9.2713,0,0,0,1
92,144,13.902,75,132,10.271,0,0,0,1
92,144,13.902,74,132,11.271,0,0,0,1
92,144,13.902,0,0,0,0,0,0,1
91,142,12.967,85,130,0.45325,0,0,0,1
91,142,12.967,84,130,1.309,0,0,0,1
91,142,12.967,83,130,2.285,0,0,0,1
91,142,12.967,82,130,3.2756,0,0,0,1
91,142,12.967,81,130,4.2705,0,0,0,1
91,142,12.967,80,130,5.2674,0,0,0,1
91,142,12.967,79,130,6.2653,0,0,0,1
91,142,12.967,78,130,7.2637,0,0,0,1
91,142,12.967,77,130,8.2625,0,0,0,1
91,142,12.967,76,130,9.2616,0,0,0,1
91,142,12.967,0,0,0,0,0,0,1
89,138,10.316,0,0,0,0,0,0,1
88,138,9.9315,0,0,0,0,0,0,1
88,135,9.0711,0,0,0,0,0,0,1
87,135,8.6761,0,0,0,0,0,0,1
87,132,8.1092,82,125,1.9236,0,0,0,1
87,132,8.1092,81,125,2.9029,0,0,0,1
87,132,8.1092,80,125,3.8928,0,0,0,1
87,132,8.1092,79,125,4.8867,0,0,0,1
87,132,8.1092,78,125,5.8828,0,0,0,1
87,132,8.1092,77,124,6.8831,0,0,0,1
87,132,8.1092,76,124,7.8806,0,0,0,1
87,132,8.1092,75,124,8.8787,0,0,0,1
87,132,8.1092,74,124,9.8771,0,0,0,1
87,132,8.1092,0,0,0,0,0,0,1
87,130,9.0307,0,0,0,0,0,0,1
85,129,9.7893,0,0,0,0,0,0,1
86,127,10.993,0,0,0,0,0,0,1
87,125,11.961,0,0,0,0,0,0,1
89,122,12.505,0,0,0,0,0,0,1
90,121,12.98,82,111,0.58642,0,0,0,1
90,121,12.98,81,111,1.4219,0,0,0,1
90,121,12.98,80,111,2.3874,0,0,0,1
90,121,12.98,79,111,3.3731,0,0,0,1
90,121,12.98,78,111,4.3653,0,0,0,1
90,121,12.98,0,0,0,0,0,0,1
92,120,14.484,84,108,0.38889,0,0,0,1
92,120,14.484,83,108,0.66923,0,0,0,1
92,120,14.484,82,108,1.6567,0,0,0,1
92,120,14.484,81,108,2.6535,0,0,0,1
92,120,14.484,80,108,3.6521,0,0,0,1
92,120,14.484,79,108,4.6513,0,0,0,1
92,120,14.484,78,108,5.6508,0,0,0,1
92,120,14.484,0,0,0,0,0,0,1
93,119,15.773,0,0,0,0,0,0,1
92,116,13.958,0,0,0,0,0,0,1
91,114,13.113,0,0,0,0,0,0,1
90,114,12.656,0,0,0,0,0,0,1
90,111,11.441,0,0,0,0,0,0,1
89,111,10.997,0,0,0,0,0,0,1
89,108,10.168,0,0,0,0,0,0,1
88,108,9.6826,0,0,0,0,0,0,1
87,108,9.2799,0,0,0,0,0,0,1
87,105,8.6567,0,0,0,0,0,0,1
87,105,8.6567,0,0,0,0,0,0,1
86,103,8.6894,0,0,0,0,0,0,1
86,103,8.6894,0,0,0,0,0,0,1
86,100,9.0843,80,93,0.44963,0,0,0,1
86,100,9.0843,79,93,1.4274,0,0,0,1
86,100,9.0843,78,93,2.4233,0,0,0,1
86,100,9.0843,77,93,3.4217,0,0,0,1
86,100,9.0843,76,93,4.4207,0,0,0,1
86,100,9.0843,0,0,0,0,0,0,1
85,101,9.3644,80,93,0.44963,0,0,0,1
85,101,9.3644,79,93,1.4274,0,0,0,1
85,101,9.3644,78,93,2.4233,0,0,0,1
85,101,9.3644,77,93,3.4217,0,0,0,1
85,101,9.3644,76,93,4.4207,0,0,0,1
85,101,9.3644,0,0,0,0,0,0,1
85,98,9.4533,80,90,0.39424,0,0,0,1
85,98,9.4533,79,90,0.6894,0,0,0,1
85,98,9.4533,78,90,1.6719,0,0,0,1
85,98,9.4533,77,90,2.6674,0,0,0,1
85,98,9.4533,76,90,3.6654,0,0,0,1
85,98,9.4533,75,90,4.6642,0,0,0,1
85,98,9.4533,0,0,0,0,0,0,1
87,96,11.279,0,0,0,0,0,0,1
86,96,10.642,0,0,0,0,0,0,1
89,94,11.572,81,85,0.61848,0,0,0,1
89,94,11.572,80,85,1.614,0,0,0,1
89,94,11.572,79,85,2.613,0,0,0,1
89,94,11.572,78,85,3.6125,0,0,0,1
89,94,11.572,77,85,4.6123,0,0,0,1
89,94,11.572,76,85,5.6121,0,0,0,1
89,94,11.572,75,85,6.612,0,0,0,1
89,94,11.572,74,85,7.6119,0,0,0,1
89,94,11.572,0,0,0,0,0,0,1
91,93,13.553,0,0,0,0,0,0,1
92,90,14.039,82,78,2.2937,0,0,0,1
92,90,14.039,81,78,3.2886,0,0,0,1
92,90,14.039,80,78,4.2859,0,0,0,1
92,90,14.039,79,78,5.2843,0,0,0,1
92,90,14.039,78,78,6.2831,0,0,0,1
92,90,14.039,77,78,7.2823,0,0,0,1
92,90,14.039,76,78,8.2817,0,0,0,1
92,90,14.039,75,78,9.2812,0,0,0,1
92,90,14.039,0,0,0,0,0,0,1
94,90,16.332,83,77,1.6222,0,0,0,1
94,90,16.332,82,77,2.6079,0,0,0,1
94,90,16.332,81,77,3.6016,0,0,0,1
94,90,16.332,80,77,4.598,0,0,0,1
94,90,16.332,79,77,5.5956,0,0,0,1
94,90,16.332,78,77,6.594,0,0,0,1
94,90,16.332,77,77,7.5928,0,0,0,1
94,90,16.332,76,77,8.5919,0,0,0,1
94,90,16.332,0,0,0,0,0,0,1
93,87,14.457,0,0,0,0,0,0,1
91,86,12.511,0,0,0,0,0,0,1
90,84,11.471,0,0,0,0,0,0,1
89,81,10.137,0,0,0,0,0,0,1
88,78,9.2078,0,0,0,0,0,0,1
87,75,8.6633,0,0,0,0,0,0,1
86,75,8.1354,0,0,0,0,0,0,1
86,73,9.0618,0,0,0,0,0,0,1
85,74,9.3744,0,0,0,0,0,0,1
86,71,10.087,80,63,0.361,0,0,0,1
86,71,10.087,79,63,0.68596,0,0,0,1
86,71,10.087,78,63,1.6765,0,0,0,1
86,71,10.087,77,63,2.6741,0,0,0,1
86,71,10.087,76,63,3.673,0,0,0,1
86,71,10.087,75,63,4.6724,0,0,0,1
86,71,10.087,74,63,5.672,0,0,0,1
86,71,10.087,0,0,0,0,0,0,1
85,69,11.315,78,60,0.55378,0,0,0,1
85,69,11.315,77,60,0.75431,0,0,0,1
85,69,11.315,76,60,1.6826,0,0,0,1
85,69,11.315,75,60,2.6634,0,0,0,1
85,69,11.315,74,60,3.6546,0,0,0,1
85,69,11.315,73,60,4.6495,0,0,0,1
85,69,11.315,72,60,5.6463,0,0,0,1
85,69,11.315,0,0,0,0,0,0,1
87,66,11.36,79,58,0.28305,0,0,0,1
87,66,11.36,78,58,0.79003,0,0,0,1
87,66,11.36,77,58,1.7799,0,0,0,1
87,66,11.36,76,58,2.7771,0,0,0,1
87,66,11.36,75,58,3.7757,0,0,0,1
87,66,11.36,74,58,4.775,0,0,0,1
87,66,11.36,73,58,5.7744,0,0,0,1
87,66,11.36,72,58,6.7741,0,0,0,1
87,66,11.36,0,0,0,0,0,0,1
86,67,11.413,79,58,0.28305,0,0,0,1
86,67,11.413,78,58,0.79003,0,0,0,1
86,67,11.413,77,58,1.7799,0,0,0,1
86,67,11.413,76,58,2.7771,0,0,0,1
86,67,11.413,75,58,3.7757,0,0,0,1
86,67,11.413,74,58,4.775,0,0,0,1
86,67,11.413,73,58,5.7744,0,0,0,1
86,67,11.413,72,58,6.7741,0,0,0,1
86,67,11.413,0,0,0,0,0,0,1
1,83,71.082,0,0,0,0,0,0,1
15,3,0.74536,0,0,0,0,0,0,1
16,3,0.5,0,0,0,0,0,0,1
17,3,0.70711,0,0,0,0,0,0,1
17,3,0.70711,0,0,0,0,0,0,1
15,3,0.44721,0,0,0,0,0,0,1
15,3,0.74536,0,0,0,0,0,0,1
18,3,0.5,15,4,3.0414,0,0,0,1
18,3,0.5,0,0,0,0,0,0,1
19,3,0.57934,0,0,0,0,0,0,1
18,3,0.70711,0,0,0,0,0,0,1
18,3,0.5,0,0,0,0,0,0,1
18,3,0.8177,15,4,3.5593,0,0,0,1
18,3,0.8177,0,0,0,0,0,0,1
18,3,0.8177,0,0,0,0,0,0,1
18,3,0.7955,0,0,0,0,0,0,1
91,67,25.134,0,0,0,0,0,0,1
95,68,27.711,0,0,0,0,0,0,1
99,69,30.369,32,79,38.563,0,0,0,1
99,69,30.369,0,0,0,0,0,0,1
99,72,29.452,0,0,0,0,0,0,1
98,74,28.553,0,0,0,0,0,0,1
98,77,27.881,0,0,0,0,0,0,1
95,79,24.717,0,0,0,0,0,0,1
16,3,0.63246,0,0,0,0,0,0,1
18,3,0.70711,0,0,0,0,0,0,1
15,3,0.74536,0,0,0,0,0,0,1
106,101,34.436,0,0,0,0,0,0,1
106,104,33.171,0,0,0,0,0,0,1
19,3,0.68718,19,4,0.37268,0,0,0,1
19,3,0.68718,18,4,0.89753,0,0,0,1
19,3,0.68718,0,0,0,0,0,0,1
22,3,0.74536,0,0,0,0,0,0,1
18,3,0.70711,0,0,0,0,0,0,1
104,131,34.326,69,131,0.80153,0,0,0,1
104,131,34.326,68,131,1.731,0,0,0,1
104,131,34.326,67,131,2.7111,0,0,0,1
104,131,34.326,66,131,3.7019,0,0,0,1
104,131,34.326,65,131,4.6966,0,0,0,1
104,131,34.326,64,131,5.6931,0,0,0,1
104,131,34.326,63,131,6.6907,0,0,0,1
104,131,34.326,62,131,7.6889,0,0,0,1
104,131,34.326,61,131,8.6875,0,0,0,1
104,131,34.326,60,131,9.6864,0,0,0,1
104,131,34.326,0,0,0,0,0,0,1
105,137,32.92,64,134,8.1934,0,0,0,1
105,137,32.92,63,134,9.1926,0,0,0,1
105,137,32.92,62,134,10.192,0,0,0,1
105,137,32.92,61,134,11.191,0,0,0,1
105,137,32.92,60,134,12.191,0,0,0,1
105,137,32.92,59,134,13.19,0,0,0,1
105,137,32.92,58,134,14.19,0,0,0,1
105,137,32.92,57,134,15.19,0,0,0,1
105,137,32.92,0,0,0,0,0,0,1
105,139,33.391,0,0,0,0,0,0,1
100,151,27.951,0,0,0,0,0,0,1
96,153,24.673,0,0,0,0,0,0,1
107,159,33.887,0,0,0,0,0,0,1
108,161,33.397,0,0,0,0,0,0,1
106,163,31.302,0,0,0,0,0,0,1
108,166,33.884,0,0,0,0,0,0,1
108,168,33.305,0,0,0,0,0,0,1
108,171,34.176,0,0,0,0,0,0,1
107,170,32.588,39,161,36.538,0,0,0,1
107,170,32.588,0,0,0,0,0,0,1
107,173,33.494,0,0,0,0,0,0,1
107,176,34.637,0,0,0,0,0,0,1
108,174,33.541,40,163,36.458,0,0,0,1
108,174,33.541,0,0,0,0,0,0,1
108,177,34.675,0,0,0,0,0,0,1
108,179,34.438,0,0,0,0,0,0,1
97,179,23.661,0,0,0,0,0,0,1
1,83,70.414,0,0,0,0,0,0,2
87,30,12.777,0,0,0,0,0,0,2
86,36,11.633,43,28,33.561,0,0,0,2
86,36,11.633,0,0,0,0,0,0,2
85,36,10.835,0,0,0,0,0,0,2
85,38,10.254,0,0,0,0,0,0,2
83,38,8.7695,0,0,0,0,0,0,2
84,40,8.4748,0,0,0,0,0,0,2
83,43,8.1618,0,0,0,0,0,0,2
81,46,8.3442,0,0,0,0,0,0,2
81,48,7.5975,0,0,0,0,0,0,2
82,50,8.3038,0,0,0,0,0,0,2
84,52,9.1619,0,0,0,0,0,0,2
86,55,11.774,0,0,0,0,0,0,2
87,61,12.608,0,0,0,0,0,0,2
84,62,9.1229,0,0,0,0,0,0,2
83,62,8.3787,0,0,0,0,0,0,2
85,65,9.1347,44,57,34.251,0,0,0,2
85,65,9.1347,0,0,0,0,0,0,2
84,65,8.4166,0,0,0,0,0,0,2
83,65,7.7612,0,0,0,0,0,0,2
83,67,7.2707,0,0,0,0,0,0,2
82,67,6.6936,0,0,0,0,0,0,2
82,70,7.8452,0,0,0,0,0,0,2
81,70,7.3567,0,0,0,0,0,0,2
82,73,7.94,0,0,0,0,0,0,2
83,75,7.5903,0,0,0,0,0,0,2
85,77,8.666,0,0,0,0,0,0,2
84,77,8.168,0,0,0,0,0,0,2
86,80,10.373,0,0,0,0,0,0,2
86,82,11.038,0,0,0,0,0,0,2
84,87,7.9964,0,0,0,0,0,0,2
83,87,7.3322,0,0,0,0,0,0,2
84,90,8.4552,0,0,0,0,0,0,2
83,90,7.8135,0,0,0,0,0,0,2
83,92,6.9384,47,83,32.228,0,0,0,2
83,92,6.9384,0,0,0,0,0,0,2
82,92,6.4235,0,0,0,0,0,0,2
82,95,7.4066,0,0,0,0,0,0,2
81,96,7.9707,0,0,0,0,0,0,2
82,97,7.1004,0,0,0,0,0,0,2
81,98,7.9029,0,0,0,0,0,0,2
83,102,7.8643,0,0,0,0,0,0,2
85,104,9.0383,0,0,0,0,0,0,2
85,106,9.6826,0,0,0,0,0,0,2
86,109,11.305,0,0,0,0,0,0,2
84,113,10.011,0,0,0,0,0,0,2
83,114,7.5555,0,0,0,0,0,0,2
84,117,7.9554,0,0,0,0,0,0,2
82,119,6.9196,0,0,0,0,0,0,2
82,119,6.9196,0,0,0,0,0,0,2
82,122,7.9118,0,0,0,0,0,0,2
81,123,6.909,0,0,0,0,0,0,2
81,126,7.6237,0,0,0,0,0,0,2
84,128,8.9093,0,0,0,0,0,0,2
85,130,9.6407,0,0,0,0,0,0,2
86,133,11.477,0,0,0,0,0,0,2
84,138,9.4502,46,129,32.097,0,0,0,2
84,138,9.4502,0,0,0,0,0,0,2
83,138,8.8552,0,0,0,0,0,0,2
83,140,8.0895,0,0,0,0,0,0,2
82,140,7.5863,0,0,0,0,0,0,2
83,143,7.7223,0,0,0,0,0,0,2
83,145,7.6006,0,0,0,0,0,0,2
82,145,7.277,0,0,0,0,0,0,2
81,145,7.081,0,0,0,0,0,0,2
82,147,7.4744,0,0,0,0,0,0,2
82,147,7.4744,0,0,0,0,0,0,2
82,149,7.4612,0,0,0,0,0,0,2
81,149,7.5191,0,0,0,0,0,0,2
83,152,8.8488,0,0,0,0,0,0,2
84,153,8.4908,0,0,0,0,0,0,2
84,155,8.8682,0,0,0,0,0,0,2
85,157,9.7562,0,0,0,0,0,0,2
83,163,8.4535,0,0,0,0,0,0,2
83,165,7.6073,0,0,0,0,0,0,2
83,167,7.1948,0,0,0,0,0,0,2
82,167,6.922,0,0,0,0,0,0,2
81,170,8.0026,0,0,0,0,0,0,2
81,170,8.0026,0,0,0,0,0,0,2
